<?xml version="1.0" encoding="UTF-8"?>  
<beans xmlns="http://www.springframework.org/schema/beans"  
    xmlns:xsi="http://www.w3.org/2001/XMLSchema-instance"   
    xmlns:context="http://www.springframework.org/schema/context"  
    xmlns:mvc="http://www.springframework.org/schema/mvc"  
    xsi:schemaLocation="  
        http://www.springframework.org/schema/beans  
        http://www.springframework.org/schema/beans/spring-beans.xsd  
        http://www.springframework.org/schema/context  
        http://www.springframework.org/schema/context/spring-context.xsd  
        http://www.springframework.org/schema/mvc  
        http://www.springframework.org/schema/mvc/spring-mvc.xsd">  
  
    <!-- Provide support for component scanning -->  
    <context:component-scan base-package="com.demo" />  
  
    <!--Provide support for conversion, formatting and validation -->  
    <mvc:annotation-driven/>  
  <bean id="viewResolver"
    	      class="org.springframework.web.servlet.view.InternalResourceViewResolver" >
              <property name="prefix" value="/jsp/"/>
              <property name="suffix" value=".jsp"/>  
        </bean>
	<bean id="dbutils" class="org.springframework.jdbc.datasource.DriverManagerDataSource">    
	<property name="driverClassName" value="com.mysql.jdbc.Driver"></property>    
	<property name="url" value="jdbc:mysql://localhost:3306/vforum"></property>    
	<property name="username" value="root"></property>    
	<property name="password" value="1"></property>    
	</bean>  
	<bean id="jdbc" class="org.springframework.jdbc.core.JdbcTemplate">    
<property name="dataSource" ref="dbutils"></property>    
</bean>    
    
<bean id="dao" class="com.demo.Dao.EmployeeDao">    
<property name="template" ref="jdbc"></property>    
</bean>   
</beans>  