<?xml version="1.0" encoding="UTF-8"?>
<beans xmlns="http://www.springframework.org/schema/beans"
    xmlns:xsi="http://www.w3.org/2001/XMLSchema-instance" xmlns:context="http://www.springframework.org/schema/context"
    xsi:schemaLocation="http://www.springframework.org/schema/beans http://www.springframework.org/schema/beans/spring-beans-4.0.xsd
                            http://www.springframework.org/schema/context http://www.springframework.org/schema/context/spring-context-4.0.xsd">
 
    <!-- byName example -->
    <bean id="application" class="com.iocdi.sample.Autowired_Samples.Application" autowire="byName"/>
 
    <bean id="applicationUser" class="com.iocdi.sample.Autowired_Samples.ApplicationUser" >
        <property name="name" value="superUser"/>
    </bean>
    
        <!-- byType example -->
    <bean id="employee" class="com.iocdi.sample.Autowired_Samples.Employee" autowire="byType"/>
 
    <bean id="employeeAddress" class="com.iocdi.sample.Autowired_Samples.EmployeeAddress" >
        <property name="street" value="112/223,SantaVila"/>
        <property name="city" value="Nebraska"/>
    </bean>
    
    
        <!-- constructor example -->
    <bean id="performer" class="com.iocdi.sample.Autowired_Samples.Performer" autowire="constructor"/>
 
    <bean id="instrument" class="com.iocdi.sample.Autowired_Samples.Instrument" >
        <property name="name" value="PIANO"/>
    </bean>
 
 
     <!-- default example (autowire="no") -->
    <bean id="driver" class="com.iocdi.sample.Autowired_Samples.Driver" autowire="no">
        <property name="license" ref="license"/>
    </bean>
 
    <bean id="license" class="com.iocdi.sample.Autowired_Samples.License" >
        <property name="number" value="123456ABCD"/>
    </bean>
 
</beans>